﻿character_name,gender
CYNDY,F
TESS,F
WOMAN,F
MRLUTZ,M
MRTURKEL,M
MAN,M
WOMEN,F
MICK,M
BOB,M
RUTH,F
KATHERINE,F
JILL,F
GINNY,F
JIM,M
JACK,M
DRIVER,M
MRKOTAR,M
MRROMANO,M
BARTENDER,M
TIM,M
FRIENDS,N
SKIER,M
GUARD,M
GUARDTWO,M
HOSTESS,F
TRASK,M
BARBARA,F
PHYLLIS,F
BRIDESMAID,F
BITSY,F
DRAPER,M
DELIVERYBOY,M
CLERK,F
ATTENDANT,F
RECEPTIONIST,F
BUSINESSMAN,M
ARMBRISTER,M
SECRETARYONE,F
SECRETARYTWO,F
SECRETARYTHREE,F
SECRETARYFOUR,F
SECRETARYFIVE,F
SECRETARYSIX,F
SECRETARYSEVEN,F
MESSENGER,M
MANTWO,M
ALICE,F
