﻿character_name,gender
ELEANOR,F
CLERK,M
ORMSBY,M
FELICITY,F
CALTHORPE,M
RACHEL,F
CURTIS,M
NICK,M
GIRL,F
JACQUELINE,F
ALIX,F
NADINE,F
KERRY,F
ANNOUNCER,F
ATTENDANT,F
DIRECTOR,M
ALISTAIR,M
KITTY,F
HERO,M
RUSSELL,M
EDDIE,M
FIONA,F
NANNY,F
MOTHER,F
ASTRID,F
WYEMUN,M
JEWELER,M
ARAMINTA,F
COLIN,M
SELLER,M
MAID,F
MICHAEL,M
PEIKLIN,F
NEENAH,F
PT,M
GPS,N
GUARD,M
LING,F
OLIVER,M
CELINE,F
AHMA,F
BERNARD,M
FRIEND,F
MAN,M
TINI,F
FRANCESCA,F
GREETER,M
PHOTOGRAPHER,M
SPECTATOR,F
INTAN,F
GROOMSMAN,M
SERVANT,M
GUEST,F
TWIN,F
WOMAN ,F
AMANDA,F
