﻿character_name,gender
ALISON,F
ANDYDICK,M
BARTENDER,M
BASEBALLGUYONE,M
BASEBALLGUYTWO,M
BEN,M
BETTY,F
BOSS,M
BOUNCER,M
BRENT,M
CHARLOTTE,F
DEBBIE,F
DOORMAN,M
DRANGELO,M
DRHOWARD,M
DRKUNI,M
DRPELLAGRINO,M
EVAMENDES,F
FEMALEDOCTOR,F
FEMALENURSE,F
GIANTBABY,M
GIRLONE,F
GIRLTWO,F
GUYONE,M
GUYS,N
HARRIS,M
JACK,M
JAMESFRANCO,M
JASON,M
JAY,M
JESSICAALBA,F
JILL,F
JODI,F
JONAH,M
MARIA,F
MARTIN,M
NURSE,M
PETE,M
RYANSEACREST,M
SADIE,F
SAMUEL,M
STEVECARELL,M
STEVEMARTIN,M
WARDROBELADY,F
YOUNGDOCTOR,M
