﻿character_name,gender
ANNOUNCER,M
ASIANWOMAN,F
BEEHIVE,F
BIGGUY,M
BILLYJOEL,M
BLACKAGENT,M
BLINDTEEN,M
BLUEANGEL,M
BOTHAGENTS,N
BOWLER,M
BUSINESSMAN,M
CNNANCHOR,M
COP,M
CREEPYBUSINESSMAN,M
DEBBIE,F
DEVON,M
EMCEE,M
ERIC,M
FEMALEPASSENGER,F
FLIGHTATTENDANT,F
FULLER,M
GATEAGENT,F
GOODLOOKINGMAN,M
GRAMMY,F
GUARD,M
HABIB,M
JACK,M
JERRY,M
KATIE,F
KIRK,M
MAITRED,M
MALECUSTOMER,M
MALEVOICE,M
MAN,M
MARNIE,F
MAURY,M
MAX,M
MOLLY,F
MRKETTNER,M
MRRILEY,M
MRSKETTNER,F
OLDWOMAN,F
PATTY,F
PILOT,M
PREACHER,M
RANDY,M
REDHAIREDWOMAN,F
REESE,M
ROCKER,M
RON,M
SMALLBOY,M
STAINER,M
STUDENT,F
TALON,M
TINA,F
VOICE,N
WAITER,M
WHITEAGENT,M
WILLY,M
WOMAN,F
YUPPIEMAN,M
YUPPIEWOMAN,F
