character_name,gender
AGENT,M
ALICE,F
ANNOUNCER,M
ANONYMOUSMAN,M
ATTENDANT,F
AVERY,F
BROTHER,M
CALVINNACK,M
CHAD,M
CHRIS,M
CLEO,F
COUSIN,M
CURTIS,M
CUSH,M
DICKYFOX,M
DIERDORF,M
DOCTOR,M
DOOLER,M
DOROTHY,F
FAN,M
FIRESTONE,M
FLOWERGIRL,F
GIFFORD,M
INSANEFAN,M
JAN,F
JERRY,M
KATHY,F
KEITH,M
KID,M
KINKOGUY,M
LAUREL,F
LITTLEBOY,M
MANREPORTER,M
MARCEE,F
MARIACHI,M
MATT,M
MICHAELS,M
MJORDAN,M
PATRICIA,F
PICKLEMAN,M
RACHEL,F
RAY,M
REPORTER,F
SON,M
STEVEREMO,M
SUGAR,M
SWENSON,M
TEEPEE,M
TIDWELL,M
TRAINER,M
TYSON,M
WAITER,M
WENDY,F
WILBURN,M
WOMAN,F
WOMANONE,F
WOMANREPORTER,F
