﻿character_name,gender
ANNIE,F
ANNOUNCER,M
BATBOY,M
BATTER,M
BILL,M
BOBBY,M
BOBBYWIFE,F
CABBIE,M
CATCHER,M
CLUBHOUSEBOY,M
CRASH,M
CREWMEMBER,M
DEKE,M
DEKEWIFE,F
EBBY,M
ECKSTEIN,M
ED,M
FATHER,M
GOSPELSINGER,M
ICESKATER,F
JACKSON,M
JIMMY,M
JOSE,M
KINGSTONGM,M
LARRY,M
LITTLELEAGUER,M
LITTLELEAGUERS,N
MAX,M
MAYOR,M
MICKEY,M
MICKEYWIFE,F
MILLIE,F
NAKEDLADY,F
NUKE,M
NUKEFATHER,M
PA,N
RECORDING,N
SANDY,F
SKIP,M
TEDDY,M
TOMMY,M
TONY,M
UMPIRE,M
WAITRESS,F
WHITEY,M
