﻿character_name,gender
ADAM:,M
ALICE:,F
ANTHONY:,M
ARIYARATNA:,M
BOY:,M
BRIDGET:,F
CAMILLA:,F
CASHIER:,F
CATHY:,F
DAD:,M
DAISY:,F
ED:,M
EVERYONE:,N
FERGUS:,M
GEORGE:,M
GIANNI:,M
GILES:,M
GINNY:,F
GUEST:,M
GUY:,M
INTERVIEWER:,F
JACK:,M
JEREMY:,M
JUDE:,F
LAURA:,F
MAGDA:,F
MANAGER:,F
MARK:,M
MEMBER:,F
MIDWIFE:,F
MINISTER:,M
MIRANDA:,F
MUM:,F
NEANDERTHAL:,M
OFFICIAL:,M
PHOTOGRAPHER:,M
PIERCE:,M
POPPY:,F
RANGERS:,N
RAWLINGS:,F
RICHARD:,M
RUBY:,F
SHAZZER:,F
SHOPPER:,F
SPIKE:,M
SUSAN:,F
TEENAGER:,M
TOM:,M
TV:,N
UNA:,F
WOMAN:,F
WONEY:,F
JUDGE:,M
