﻿character_name,gender
ALEX,M
ALEXANDRA,F
ALPHONSO,M
ANCHOR,M
AUDIENCE,N
CAMERAMAN,M
CASHIER,F
CHOLA,F
CLERK,M
COACH,M
CUPID,M
DANA,F
DANNY,M
DEECHUM,M
DREW,M
DUDE,M
EDGAR,M
EDISON,M
ELISE,F
ERIN,F
ESTELLE,F
GATEAGENT,M
GRACE,F
GROVEEMPLOYEE,M
GUISEPPE,M
GWEN,F
HARRISON,M
HIGHSCHOOLGIRL,F
HOLDEN,M
HOSTESS,F
JAN,F
JANICE,F
JASON,M
JED,M
JULIA,F
KARA,F
KATE,F
KELVIN,M
DRIVER,M
LIZ,F
MADISON,F
MORLEY,F
MSGILROY,F
NURSE,F
OLIVIA,F
RANI,F
RECEPTIONIST,F
REED,M
ROADRAGER,M
SEAN,M
SECURITY,M
SHANTUM,F
STAFFMEMBER,M
SUSAN,F
TATTOOARTIST,M
TICKETVENDOR,M
TICKETAGENT,F
VOICE ,F
WAITRESS,F
