﻿character_name,gender
ANNIE,F
ANNOUNCER,M
BARBARA,F
BECKY,F
BETSY,F
BOB,M
CABBIE,M
CLARISE,F
CLERK,M
CLIFF,M
COMPUTER,N
DETWHEEDLE,M
DIANE,F
DRIVER,M
ELEVATORMAN,M
FATHER,M
GERALDO,M
GREG,M
HAROLD,M
HARRIET,F
INFORMATIONPERSON,M
IRENE,F
JAY,M
JESSICA,F
JONAH,M
JUDITH,F
KEITH,M
LAURIE,F
LORETTA,F
LULU,F
MAGGIE,F
MAILMAN,M
MAITRED,M
MARCIA,F
MILTON,M
MOTHER,F
OPERATOR,F
PILOT,M
RADIO,N
ROB,M
SALESWOMAN,F
SAM,M
SETH,M
STEWARDESS,F
SUZY,F
TAXIDRIVER,M
TOM,M
TRUCKDRIVER,M
VICTORIA,F
VOICE,N
WALTER,M
WHEEDLE,M
WOMANVOICE,F
WYATT,M
BOY,M
WOMAN,F
