character_name,gender
AGENT ,M
ALL,N
ANN,F
BATS,N
BRIAN,M
CANDLESALESWOMAN,F
DRACULA,M
DRROSENBAUM,M
DRUNKGIRL,F
FATHER,M
FEMALEYOGAINSTRUCTOR,F
FLIGHTATTENDANT,F
HEIDIKLUM,F
HIGIRL,F
HOSTESS,F
JACK,M
KEMO,M
LEADSINGER,M
LESLIE,F
MAITRED,M
MARC,M
MICHAEL,M
MIXER,M
MODEL,F
NAMEGIRL,F
NEWLYWED,N
PETER,M
PETERMOM,F
PHOTOMAN,M
PHOTOWOMAN,F
PHOTOGRAPHER,M
PHOTOGRAPHERS,N
PIANIST,M
POTTYMOUTH,F
RACHEL,F
RICO,M
SALESWOMAN,F
SAMOAN,M
SARAH,F
STRIPCLUBBARKER,M
SUCCUBUS,F
SWIMMERS,M
TODDLER,M
VAMPIRESSES,F
WAITRESS,F
WALNUT,M
WELLDRESSEDMAN,M
WELLDRESSEDMANTWO,M
WILLIAM,M
