﻿character_name,gender
ASSOCIATE,M
BAILIFF,M
BONNIE,F
CLERK,M
CONSTRUCTIONWORKER,M
CONSTRUCTIONWORKERTWO,M
COPILOT,M
DOYLE,M
GANGSTER,M
GUEST,F
GUS,M
HERB,M
INSTRUCTOR,M
JOE,M
JUDGE,M
JUDGEMUNSON,M
KENNETH,M
KRAMER,M
LAWYER,M
MALEVOICE,M
MAITRED,M
MAN,M
MARYLIN,F
MILES,M
MRSGUTTMAN,F
NIKKI,F
NURSE,F
PATRICIA,F
PILOT,M
POLICEOFFICER,M
PROSECUTOR,M
RABBI,M
RAMONA,F
RECEPTIONIST,F
REX,M
RUTH,F
SALESMAN,M
SARAH,F
SECRETARY,F
TART,F
TARTS,F
TRACKVOICE,M
VISHNU,M
VOICE,N
WAITER,M
WITNESS,M
WOMAN,F
WRIGLEY,M
YOUNGWOMAN,F
