﻿character_name,gender
ALEX,M
AMBER,F
AMY,F
ANNA,F
BEN,M
BETH,F
BILL,M
BRUCE,M
CASHIER,F
CASHIERONE,F
CATHERINE,F
CONOR,M
COUSIN,M
DAN,M
DEVON,M
DOMINIC,M
FRIEND,F
GAY,M
GEORGE,M
GIGI,F
GREGORY,M
JANINE,F
JARRAD,M
JAVIER,M
JOSHUA,M
JUDE,M
KEITH,M
KELLIANN,F
KEN,M
LARRY,M
LITTLEGIRL,F
LITTLEBOY,M
LOUIS,M
MARIEL,F
MARY,F
MIDDLEAGEDWOMAN,F
MOM,F
NATHAN,M
NEIL,M
NEWGUY,M
PAIGE,F
PARTYGOERONE,F
PARTYGOERTWO,M
ROOMMATEONE,F
SECRETARY,F
SKIP,M
STEVEN,M
TALLGIRL,F
TOKYOGIRLONE,F
TWENTYSOMETHINGONE,F
TYRONE,M
WAITRESS,F
WATTS,M
LAURA,F
MAYA,F
TRENT,M
