﻿character_name,gender
ALEX:,F
ANNIE:,F
ANNOUNCER:,M
ARDEN:,F
BOB:,M
BOTH:,N
CABBY:,M
CAMERON:,M
CHEF:,M
CLERK:,F
COWORKER:,F
CONNERY:,M
DAN:,M
DANCERS:,F
DARCY:,F
DEE:,F
DINA:,F
ERIN:,F
EVE:,F
EXEC:,F
FLO:,F
FRIEND:,F
GIGI:,F
GIRL:,F
GIRLFRIEND:,F
HAIM:,M
JESS:,F
JOGGER:,F
LAWYER:,F
LOLA:,F
MAN:,M
MANAGER:,F
MARGO:,F
MARTHA:,F
MORGAN:,M
NICK:,M
NORM:,M
OPERATOR:,F
POODLE:,N
RECEPTIONIST:,F
SECRETARY:,F
SHOPPER:,F
SINGER:,F
STELLA:,F
SUE:,F
TED:,M
TRAINER:,F
WOMAN:,F
WOMEN:,F
WOODRUFF:,M
PERKINS: ,F
