﻿character_name,gender
ALEX:,M
ANNIE:,F
ANT:,M
AURELIA:,F
BARMAN:,M
BARROS:,M
BERNIE:,M
BILLY:,M
BOTH:,N
BROTHER:,M
CARLA:,F
CAROL:,F
CHILD:,M
CHILDREN:,N
CHRIS:,M
COLIN:,M
DAD:,M
DAISY:,F
DANIEL:,M
DEC:,M
DIRECTOR:,M
DJ:,M
DP:,M
DRIVER:,M
ELEANORE:,F
GATEMAN:,M
GINA:,F
GIRL:,F
GIRLS:,F
HARRIET:,F
HARRY:,M
JAMIE:,M
JEANNIE:,F
JEREMY:,M
JOANNA:,F
JOE:,M
JOHN:,M
JUDY:,F
JULIET:,F
KAREN:,F
KARL:,M
KATE:,F
KATYA:,F
LADY:,F
LEO:,M
MARK:,M
MIA:,F
MICHAEL:,M
MIKE:,M
MUM:,F
NANCY:,F
NATALIE:,F
PARKY:,M
PASSENGER:,M
PAT:,M
PETER:,M
PM:,M
POLICEMAN:,M
PRESIDENT:,M
PRESS:,N
PROPRIETOR:,M
RADIO:,N
RUFUS:,M
SAM:,M
SARAH:,F
SOPHIA:,F
STACEY:,F
STUDENT:,M
TERENCE:,M
TONY:,M
VICAR:,M
WOMAN:,F
SECRETARY:,F
SISTER: ,F
KEITH:,M
