character_name,gender
GERALD,M
TOM,M
AARON ,M
TEACHER,M
YOUTH ,M
JANE,F
FATHER,M
CAMERAMAN,M
JD,M
WOMAN ,F
INTERVIEWER,M
FEMALECOLLEAGUE,F
ERNIE,M
BOBBIE,M
BLAIR,F
MERCENARY,M
KLEIN,M
GEORGE,M
JENNIFER,F
BILL,M
CONCIERGE,M
REPORTER,M
CAMERAMAN,M
CAMERAWOMAN,F
BUDDY,M
GUARD,M
GENERAL,M
ELLIE,F
MAN ,M
GEORGEWELN,M
WIFE,F
PAUL,M
ARTIST,M
ANOUNCER,M
MARVIN,M
DRIVER,M
BUSINESSMAN,M
KLEIN,M
COP,M
OFFICIAL,M
WNP,M
VOICE,M
MANAGER,M
DIRECTOR,M
TECHNICIAN,M
DAD,M
MRGRUNICK,M
SECRETARY,F
TICKETAGENT,M
LILA,F
BOY ,M
SOUNDWOMAN,F
ANNE,F
ANNOUNCER,N
OLDMAN,M
MAKEUPWOMAN,F
CABBIE,M