﻿character_name,gender
ABBY,F
AGENT,M
BAMBI,F
BIGWIG,M
BOB,M
BRIANWILLIAMS,M
CABDRIVER,M
CAMERAGUY,M
CANDI,F
CHEF,M
CLIFF,M
COLIN,M
CUTEBRUNETTE,F
DORI,F
DRLESTER,M
DRUNKGUY,M
DWAYNE,M
ELIZABETH,F
FAN,F
FEMALECALLER,F
FLIGHTATTENDANT,F
GARY,M
GEORGIA,F
GIRL,F
HAROLD,M
HOSTESS,F
JACKMAGNUM,M
JAVIER,M
JAY,M
JIM,M
JOE,M
JONAH,M
JOSH,M
JOY,F
KEN,M
LARRY,M
LATINOMEN,M
MIKE,M
MOTLEYGROUP,N
PA,M
PILOT,M
POLICEOFFICER,M
SALESWOMAN,F
SECURITYGUARD,M
STEVE,M
STUART,M
WAITER,M
WAITRESS,F
