character_name,gender
ALDYS,F
ALL,N
ANITA,F
BALI,F
BATMAN,M
BILLY,M
BOUNCER,M
BOY,M
BRETT,M
CARNY,M
CASHIER,M
CHOCOLATEBAR,M
COACH,M
CLASS,N
CROWD,N
CYNTHIA,F
DENOMINATORONE,M
GEORGE,M
GIBBY,F
GIRL,F
GIRLFRIEND,F
GUARD,M
GUS,M
GUY,M
JASON,M
JIMMY,M
JOSIE,F
JUDGEONE,F
JUDGETWO,M
KID,F
KIRSTEN,F
KRISTEN,F
LARA,F
MATZ,M
MERKIN,M
MISSPIGGY,F
MONTY,M
MSBROWN,F
MSKNOX,F
PACKER,M
PEANUTBUTTER,M
RASTAONE,M
RHODA,F
RIGFORT,M
ROB,M
ROGER,M
SAM,M
SERA,F
SHEILA,F
STONERONE,M
STONERTWO,M
SYDNEY,F
TOMMY,M
TRACY,F
TYKE,F
VOICE,M
WORKER,M
