character_name,gender
ANGEL,F
ANNOUNCER,M
ASSISTANT,F
ATTENDANT,F
BARNEY,M
BELLBOY,M
BOB,M
BRIDGET,F
BUSINESSMAN,M
BUSINESSMEN,M
CARLOS,M
CUSTOMER,F
DARRYL,M
DAVIDMORSE,M
DEALER,M
DENNIS,M
DORIS,F
EDWARD,M
ELIZABETH,F
FATHER,M
FEMALE,F
FEMALECLERK,F
FEMALERECEPTIONIST,F
FEMALETOURIST,F
GRETCHEN,F
GUEST,M
GUY,M
GWEN,F
HOLLISTER,M
HOTELATTENDANT,M
HOWARD,M
HUSBAND,M
JAMESMORSE,M
JESSICA,F
KIT,F
LYRICS,N
MAGICIAN,M
MAITRED,M
MAN,M
MANAGER,M
MARK,M
MISSWILSON,F
MRSRAINEY,F
PETER,M
PHILIP,M
PILOT,M
POLICEMAN,M
POPS,M
PROSTITUTE,F
RACHEL,F
RECEPTIONIST,F
REGINA,F
SALESMAN,M
SALESWOMAN,F
SECRETARY,F
SENATORADAMS,M
SERVANT,M
SKATEBOARDMAN,M
SPECTATORS,N
SUSAN,F
FLORIST,F
TRAMP,M
USHER,M
VENDOR,M
VIVIAN,F
WAITER,M
WOMAN,F
